textid,anger,disgust,fear,joy,sad,surprise
1,0.0809546777384107,0.09652218365344335,0.2720225175666166,0.11925520185524312,0.16766359999826283,0.26358181918802337
